ktid_typeinfo,extension
563bdef1,g1m
6fa91671,g1a
afbec60c,g1t
8e39aa37,ktid
be144b78,ktid
20a6a0bb,kidsobjdb
5153729b,mtl
b340861a,mtl
56efe45c,grp
bbf9b49d,grp
0d34474d,srst
27bc54b7,rigbin
54738c76,g1co
56d8deda,sid
5c3e543c,swg
7bcd279f,g1s
9cb3a4b6,oidex
bbd39f2d,srsa
1ab40ae8,oid
ed410290,kts
1fdcaa40,kidstask
4D0102AC,g1em
5599AA51,kscl
B097D41F,g1e
B1630F51,kidsrender
D7F47FB1,efpl
F20DE437,texinfo
F13845EF,sclshape
a8d88566,g1cox
17614AF5,g1mx
79C724C2,g1p
b0a14534,sgcbin